{
  "current": {
    "main_color": "#dcb14a",
    "title_color": "#111111",
    "text_color": "#333333",
    "cart_notes_enable": false,

    "header_phone": "+1-202-555-0172",
    "megamenu_menu": "main-menu",
    "display_megamenu_custom_content_1": false,
    "megamenu_custom_content_1": "",
    "display_megamenu_custom_content_2": true,
    "megamenu_custom_content_2": "<div class=\"col-sm-3 text-center\">\r\n\t<div class=\"collection-grid-item__title-wrapper\">\r\n\t    <div class=\"collection-grid-item__title h3\">\r\n\t        New Arrivals\r\n\t    <\/div>\r\n\t<\/div>\r\n\t<a href=\"\/collections\/new-arrivals\" class=\"collection-grid-item\">\r\n\t    \r\n\t    \t<img class=\"product_collection_image\" src=\"\/\/cdn.shopify.com\/s\/files\/1\/0434\/6914\/4231\/products\/arm-chair-1_1024x1024.jpg?v=1600976701\" alt=\"Arm Chair\" id=\"ProductPhotoImg\" data-zoom-image=\"\/\/cdn.shopify.com\/s\/files\/1\/0434\/6914\/4231\/products\/arm-chair-1_1024x1024.jpg?v=1600976701\" data-image-id=\"20007099170983\">\r\n\t<\/a>  \r\n\r\n\t<div class=\"pb-2\">\r\n\t\tFurniture Collection 2021\r\n\t<\/div>\r\n\t<a href=\"\/collections\/new-arrivals\" class=\"collection-grid-item btn--black pl-2 pr-2\">\r\n\t\tShow Now\r\n\t<\/a>\r\n\r\n<\/div>\r\n\r\n\r\n<div class=\"col-sm-3 text-center\">\r\n\r\n<div class=\"collection-grid-item__title-wrapper\">\r\n\t      <div class=\"collection-grid-item__title h3\">\r\n\t        \r\n\t          Chairs\r\n\t        \r\n\t      <\/div>\r\n\t    <\/div>\r\n\r\n<a href=\"\/collections\/chairs\" class=\"collection-grid-item\">\r\n\t    \r\n\t    \t<img class=\"product_collection_image\" src=\"\/\/cdn.shopify.com\/s\/files\/1\/0434\/6914\/4231\/products\/slim-dining-chair-1_1024x1024.jpg?v=1600980791\" alt=\"Slim Dining Chair\" id=\"ProductPhotoImg\" data-zoom-image=\"\/\/cdn.shopify.com\/s\/files\/1\/0434\/6914\/4231\/products\/slim-dining-chair-1_1024x1024.jpg?v=1600980791\" data-image-id=\"20008057831591\">\t    \r\n\t  <\/a>\r\n\r\n\t  <div class=\"pb-2\">\r\n\t\tChairs Collection 2021\r\n\t<\/div>\r\n\t<a href=\"\/collections\/chairs\" class=\"collection-grid-item btn--black pl-2 pr-2\">\r\n\t\tShow Now\r\n\t<\/a>\r\n\r\n<\/div>\r\n\r\n<div class=\"col-sm-3 text-center\">\r\n\r\n\t<div class=\"collection-grid-item__title-wrapper\">\r\n\t      <div class=\"collection-grid-item__title h3\">\r\n\t        \r\n\t          Tables\r\n\t        \r\n\t      <\/div>\r\n\t    <\/div>\r\n\r\n\t  <a href=\"\/collections\/tables\" class=\"collection-grid-item\">\r\n\t    \r\n\t    \t<img class=\"product_collection_image\" src=\"\/\/cdn.shopify.com\/s\/files\/1\/0434\/6914\/4231\/products\/bedside-table-1_1024x1024.jpg?v=1600981032\" alt=\"Bedside Table\" id=\"ProductPhotoImg\" data-zoom-image=\"\/\/cdn.shopify.com\/s\/files\/1\/0434\/6914\/4231\/products\/bedside-table-1_1024x1024.jpg?v=1600981032\" data-image-id=\"20008108753063\">\r\n\t  <\/a>\r\n\r\n\t  <div class=\"pb-2\">\r\n\t\tTables Collection 2021\r\n\t<\/div>\r\n\t<a href=\"\/collections\/tables\" class=\"collection-grid-item btn--black pl-2 pr-2\">\r\n\t\tShow Now\r\n\t<\/a>\r\n\t\r\n<\/div>\r\n\r\n<div class=\"col-sm-3 text-center\">\r\n\r\n\t<div class=\"collection-grid-item__title-wrapper\">\r\n\t      <div class=\"collection-grid-item__title h3\">\r\n\t        \r\n\t          Lamps\r\n\t        \r\n\t      <\/div>\r\n\t    <\/div>\r\n\r\n\t  <a href=\"\/collections\/lamps\" class=\"collection-grid-item\">\r\n\t    \r\n\t    \t<img class=\"product_collection_image\" src=\"\/\/cdn.shopify.com\/s\/files\/1\/0434\/6914\/4231\/products\/mega-table-lamp-2_1024x1024.jpg?v=1600817113\" alt=\"Mega Table Lamp\" id=\"ProductPhotoImg\" data-zoom-image=\"\/\/cdn.shopify.com\/s\/files\/1\/0434\/6914\/4231\/products\/mega-table-lamp-2_1024x1024.jpg?v=1600817113\" data-image-id=\"19871774081191\">\r\n\t  <\/a>\r\n\r\n\t  <div class=\"pb-2\">\r\n\t\tLamps Collection 2021\r\n\t<\/div>\r\n\t<a href=\"\/collections\/lamps\" class=\"collection-grid-item btn--black pl-2 pr-2\">\r\n\t\tShow Now\r\n\t<\/a>\r\n\t\r\n\r\n<\/div>",
    "display_megamenu_custom_content_3": false,
    "megamenu_custom_content_3": "",
    "display_megamenu_custom_content_4": false,
    "megamenu_custom_content_4": "",
    "display_megamenu_custom_content_5": false,
    "megamenu_custom_content_5": "",
    "display_megamenu_custom_content_6": false,
    "megamenu_custom_content_6": "",
    "display_megamenu_custom_content_7": false,
    "megamenu_custom_content_7": "",
    "display_megamenu_custom_content_8": false,
    "megamenu_custom_content_8": "",
    "display_megamenu_custom_content_9": false,
    "megamenu_custom_content_9": "",
    "display_megamenu_custom_content_10": false,
    "megamenu_custom_content_10": "",
    "display_homepage_slider": true,
    "display_slide_1": true,
    "slide_1_content": "<h6 class=\"text-color-primary mb-10\">New <br> Collection <br> 2021</h6><h1 class=\"hero-title\">Comfortable <br> and Stylish Chairs</h1><div class=\"button-box section-space--mt_60\"><a href=\"#\" class=\"hero-btn-one btn\" tabindex=\"0\">Shop now <i class=\"icon-arrow-right\"></i></a></div>",
    "display_slide_2": true,
    "slide_2_content": "<h6 class=\"text-color-primary mb-10\">New <br> Collection <br> 2021</h6><h1 class=\"hero-title\">Wooden Table <br> with Steel Legs</h1><div class=\"button-box section-space--mt_60\"><a href=\"#\" class=\"hero-btn-one btn\" tabindex=\"0\">Shop now <i class=\"icon-arrow-right\"></i></a></div>",
    "display_slide_3": true,
    "slide_3_content": "<h6 class=\"text-color-primary mb-10\">New <br> Collection <br> 2021</h6><h1 class=\"hero-title\">Attractive, Stylish <br> and Well-Built</h1><div class=\"button-box section-space--mt_60\"><a href=\"#\" class=\"hero-btn-one btn\" tabindex=\"0\">Shop now <i class=\"icon-arrow-right\"></i></a></div>",
    "display_slide_4": false,
    "slide_4_content": "",
    "display_slide_5": false,
    "slide_5_content": "",
    "display_homepage_welcome_msg": true,
    "homepage_welcome_title": "",
    "homepage_welcome_text": "<div class=\"featuted-product-wrap\">\r\n    <div class=\"container\">\r\n        <div class=\"row align-items-center featuted-product-one\">\r\n            <div class=\"col-lg-6 col-md-6\">\r\n                <div class=\"product-thumbnail\">\r\n                    <a href=\"#\"><img src=\"\/\/cdn.shopify.com\/s\/files\/1\/0434\/6914\/4231\/products\/dressing-table-1.jpg?v=1600980585\" alt=\"Featured Image\" style=\"max-width:350px;height:auto;\"><\/a>\r\n                <\/div>\r\n            <\/div>\r\n            <div class=\"col-lg-6 col-md-6\">\r\n                <div class=\"featured-product-contect\">\r\n                    <h3 class=\"heading-title section-title--one section-title--center\"><a href=\"#\">New Table Collection 2021<\/a><\/h3>\r\n                    <p class=\"mt-30\">Lorem ipsum dolor sit amet, consectetur adipiscing elit, sed do eiusmod tempor incididunt ut labore et dolore magna aliqua. Ut enim ad minim veniam, quis nostrud exercitation ullamco laboris nisi ut aliquip ex ea commodo consequat.<\/p>\r\n                    <div class=\"button-box section-space--mt_60 section-space--mb_60\">\r\n                        <a href=\"#\" class=\"btn btn--md btn--border_1\">Read more <i class=\"icon-arrow-right\"><\/i><\/a>\r\n                    <\/div>\r\n                <\/div>\r\n            <\/div>\r\n        <\/div>\r\n    <\/div>\r\n<\/div>\r\n\r\n        \r\n<div class=\"featuted-product-wrap\">\r\n    <div class=\"container\">\r\n        <div class=\"row align-items-center featuted-product-one\">\r\n            <div class=\"col-lg-6 col-md-6\">\r\n                <div class=\"featured-product-contect\">\r\n                    <h3 class=\"heading-title section-title--one section-title--center\"><a href=\"#\">New Chair Collection 2021<\/a><\/h3>\r\n                    <p class=\"mt-30\">Lorem ipsum dolor sit amet, consectetur adipiscing elit, sed do eiusmod tempor incididunt ut labore et dolore magna aliqua. Ut enim ad minim veniam, quis nostrud exercitation ullamco laboris nisi ut aliquip ex ea commodo consequat.<\/p>\r\n                    <div class=\"button-box section-space--mt_60 section-space--mb_60\">\r\n                        <a href=\"#\" class=\"btn btn--md btn--border_1\">Read more <i class=\"icon-arrow-right\"><\/i><\/a>\r\n                    <\/div>\r\n                <\/div>\r\n            <\/div>\r\n            <div class=\"col-lg-6 col-md-6\">\r\n                <div class=\"product-thumbnail\">\r\n                    <a href=\"#\"><img src=\"\/\/cdn.shopify.com\/s\/files\/1\/0434\/6914\/4231\/products\/slim-dining-chair-1.jpg?v=1600980791\" alt=\"Featured Image\" style=\"max-width:350px;height:auto;\"><\/a>\r\n                <\/div>\r\n            <\/div>\r\n        <\/div>\r\n    <\/div>\r\n<\/div>",
    "display_homepage_products": true,
    "homepage_products_title": "New Arrivals",
    "homepage_products_collection": "new-arrivals",
    "homepage_products_count": "8",
    "homepage_products_per_row": "4",
    "display_homepage_blog": true,
    "homepage_blog_title": "Latest Posts",
    "homepage_blog_name": "Blog",
    "homepage_blog_limit": "3",
    "display_brands": true,
    "brands_title": "Brands We Offer",
    "display_brand_1": true,
    "brand_1_link": "#",
    "display_brand_2": true,
    "brand_2_link": "#",
    "display_brand_3": true,
    "brand_3_link": "#",
    "display_brand_4": true,
    "brand_4_link": "#",
    "display_brand_5": true,
    "brand_5_link": "#",
    "display_brand_6": true,
    "brand_6_link": "#",
    "display_brand_7": true,
    "brand_7_link": "#",
    "display_brand_8": false,
    "brand_8_link": "#",
    "display_brand_9": false,
    "brand_9_link": "#",
    "display_brand_10": false,
    "brand_10_link": "#",
    "display_brand_11": false,
    "brand_11_link": "#",
    "display_brand_12": false,
    "brand_12_link": "#",
    "display_brand_13": false,
    "brand_13_link": "#",
    "display_brand_14": false,
    "brand_14_link": "#",
    "display_brand_15": false,
    "brand_15_link": "#",
    "display_brand_16": false,
    "brand_16_link": "#",
    "display_brand_17": false,
    "brand_17_link": "#",
    "display_brand_18": false,
    "brand_18_link": "#",
    "display_brand_19": false,
    "brand_19_link": "",
    "display_brand_20": false,
    "brand_20_link": "",
    "product_collection_products_per_row": "3",
    "product_collection_number_of_rows": "3",
    "display_product_collection_sidebar": true,


    "display_newsletter_homepage": true,
    "newsletter_homepage_title": "Newsletter",
    "newsletter_homepage_desc": "Sign up to get exclusive offers from our store",
    "newsletter_homepage_form_code": "<form action=\"#\" class=\"newsletter--two\">\r\n<input class=\"input-box\" type=\"text\" placeholder=\"Your email address\">\r\n<button class=\"submit-btn\"><i class=\"icon-arrow-right\"><\/i><\/button>\r\n<\/form>",
    "footer_ttl_col_1": "Address",
    "footer_content_col_1": "<address><i class=\"fa fa-map-marker\"><\/i> 12 North Thompson Street Richmond, VA 23221 <br> <i class=\"fa fa-phone\"><\/i> (804) 359-1337 <br> <i class=\"fa fa-envelope\"><\/i> <a href=\"mailto:info@example.com\">info@example.com<\/a> <\/address>",
    "footer_ttl_col_2": "Help &amp; Information",
    "footer_content_col_2": "<ul class=\"footer-widget__list\"><li><a href=\"#\" class=\"hover-style-link\">Help &amp; Contact Us</a></li><li><a href=\"#\" class=\"hover-style-link\">Returns &amp; Refunds</a></li><li><a href=\"#\" class=\"hover-style-link\">Online Stores</a></li><li><a href=\"#\" class=\"hover-style-link\">Terms &amp; Conditions</a></li></ul>",
    "footer_ttl_col_3": "About Us",
    "footer_content_col_3": "<ul class=\"footer-widget__list\"><li><a href=\"about-us.html\" class=\"hover-style-link\">About Us</a></li><li><a href=\"#\" class=\"hover-style-link\">What We Do</a></li><li><a href=\"#\" class=\"hover-style-link\">FAQ Page</a></li><li><a href=\"contact-us.html\" class=\"hover-style-link\">Contact Us</a></li></ul>",
    "footer_ttl_col_4": "Newsletter",
    "footer_content_col_4": "<div class=\"footer-widget__newsletter mt-30\"><form action=\"#\" class=\"newsletter--footer\"><input type=\"text\" placeholder=\"Your email address\"><button class=\"submit-button\"><i class=\"icon-arrow-right\"></i></button></form></div>",
    "footer_social_facebook": "#",
    "footer_social_twitter": "#",
    "footer_social_linkedin": "#",
    "footer_social_pinterest": "#",
    "footer_social_instagram": "#",
    "footer_social_youtube": "#",
    "footer_copyright_text": "Copyright © 2020. All rights reserved.",
    "checkout_logo_position": "left",
    "checkout_logo_size": "medium",
    "checkout_body_background_color": "#fff",
    "checkout_input_background_color_mode": "white",
    "checkout_sidebar_background_color": "#fafafa",
    "checkout_heading_font": "Helvetica Neue",
    "checkout_body_font": "Helvetica Neue",
    "checkout_accent_color": "#1990C6",
    "checkout_button_color": "#1990C6",
    "checkout_error_color": "#ff6d6d",
    "product-image-hover-effect": "we-fade",
    "services_blocks_enable": true,
    "checkout_use_header_image": false,
    "checkout_logo": "",
    "checkout_use_body_background_image": false,
    "checkout_use_sidebar_background_image": false,
    "featured_product_collection": "accessories",
    "bestseller_product_collection": "woman",
    "new_arrivals_product_collection": "man"
  }
}